{
	"cube":{"default":{"size":[[1,1,1]],"center":[0.5,0.5,0.5]}},
	"slab":{
		"0":{"size":[[1,0.5,1]],"offsets":[[0,0,0]],"center":[0.5,0.5,0.5]},
		"0_top":{"size":[[1,0.5,1]],"offsets":[[0,0.5,0]],"center":[0.5,0.5,0.5]}
	},
	"bubble_column":{"default":{"size": [[1,1,1]],"center":[0.5,0.5,0.5]}},
	"pressure_plate":{"default":{"size": [[0.875,0.0625,0.875]], "offsets":[[0.0625,0,0.0625]], "center":[0.5,0.5,0.5]}},
	"button":{"default":{"size":[[0.375,0.125,0.25]],"offsets":[[0.3125,0,0.375]],"center":[0.5,0.5,0.5]}},
	"trapdoor":{
		"top": [0.8125],
		"0":{"size":[[1,0.1875,1]],"center":[0.5,0.5,0.5]},
		"0_top":{"size":[[1,0.1875,1]],"offsets":[[0,0.8125,0]],"center":[0.5,0.5,0.5]},
		"1":{"size":[[1,1,0.1875]],"center":[0.5,0.5,0.5]},
		"1_top":{"size":[[1,1,0.1875]],"center":[0.5,0.5,0.5]}
	},
	"stairs":{
		"0": {
			"size":[[1,0.5,1],[1, 0.5, 0.5]],
			"offsets":[[0,0.03125,0],[0,0.46875,0]],
			"center":[0.5,0.5,0.5]
		},
		"0_top": {
			"size":[[1,0.5,1],[1, 0.5, 0.5]],
			"offsets":[[0,0.46875,0],[0,0.03125,0]],
			"center":[0.5,0.5,0.5]
		}
	},
	"ignore":{},
	"anvil":{"default":{
		"size": [[0.625,0.375,1],[0.75,0.3125,0.75],[0.25,0.3125,0.5]],
		"offsets": [[0.125,0.625,0],[0.125,0,0.125],[0.375,0.3125,0.25]],
		"center": [0.5,0.5,0.5]
	}},
	"bamboo":{"default":{
		"size": [[0.1875,1,0.1875]],
		"offsets": [[0.40625,0,0.40625]],
		"center": [0.5,0.5,0.5]
	}},
	"beacon":{"default":{
		"size": [[0.625,0.6875,0.625]],
		"offsets": [[0.1875,0.1875,0.1875]],
		"center": [0.5,0.5,0.5]}
	},
	"bed":{
		"0":{
			"size": [[1,0.375,1]],
			"offsets": [[0,0.1875,-0.03125]],
			"center": [0.5,0.5,0.5]
		},
		"1":{
			"size": [[1,0.375,1]],
			"offsets": [[0,0.1875,0.03125]],
			"center": [0.5,0.5,0.5]
		}
	},
	"bell": {
		"hanging": {
			"size": [[0.375,0.5625,0.375]],
			"offsets": [[0.3125,0.25,0.3125]],
			"center": [0.5,0.5,0.5]
		},
		"multiple": {
			"size": [[0.375,0.5625,0.375],[0.125,0.125,1]],
			"offsets": [[0.3125,0.25,0.3125],[0.4375,0.8125,0]],
			"center": [0.5,0.5,0.5]
		},
		"side": {
			"size": [[0.375,0.5625,0.375],[0.125,0.125,0.8125]],
			"offsets": [[0.3125,0.25,0.3125],[0.4375,0.8125,0]],
			"center": [0.5,0.5,0.5]
		},
		"standing": {
			"size": [
				[0.375,0.5625,0.375],
				[0.125,0.125,1],
				[0.25,0.8125,0.125],
				[0.25,0.8125,0.125]
			],
			"offsets": [
				[0.3125,0.0625,0.3125],
				[0.4375,0.625,0],
				[0.375,0,0],
				[0.375,0,0.875]
			],
			"rot": [[0,90,0],[0,90,0],[0,90,0],[0,90,0]],
			"center": [0.5,0.5,0.5]
		}
	},
	"brewing_stand":{"default":{
		"size": [
			[0.125,0.875,0.125],
			[0.375,0.125,0.375],
			[0.375,0.125,0.375],
			[0.375,0.125,0.375]
		],
		"offsets": [
			[0.4375,0,0.4375],
			[0.5,0,0.0625],
			[0.0625,0,0.3125],
			[0.5,0,0.5625]
		],
		"center": [0.5,0.5,0.5]
	}},
	"cactus": {
		"default": {
			"size":[[0.875,0.9375,0.875]],
			"offsets": [[0.0625,0,0.0625]],
			"center":[0.5,0.5,0.5]
		}
	},
	"cauldron": {
		"0": {
			"size": [[1,1,1]],
			"center": [0.5,0.5,0.5]
		},
		"1": {
			"size": [[1,1,1],[0.75,0.01,0.75]],
			"offsets": [[0,0,0],[0.125,0.3125,0.125]],
			"center": [0.5,0.5,0.5]
		},
		"2": {
			"size": [[1,1,1],[0.75,0.01,0.75]],
			"offsets": [[0,0,0],[0.125,0.4375,0.125]],
			"center": [0.5,0.5,0.5]
		},
		"3": {
			"size": [[1,1,1],[0.75,0.01,0.75]],
			"offsets": [[0,0,0],[0.125,0.5625,0.125]],
			"center": [0.5,0.5,0.5]
		},
		"4": {
			"size": [[1,1,1],[0.75,0.01,0.75]],
			"offsets": [[0,0,0],[0.125,0.6875,0.125]],
			"center": [0.5,0.5,0.5]
		},
		"5": {
			"size": [[1,1,1],[0.75,0.01,0.75]],
			"offsets": [[0,0,0],[0.125,0.8125,0.125]],
			"center": [0.5,0.5,0.5]
		},
		"6": {
			"size": [[1,1,1],[0.75,0.01,0.75]],
			"offsets": [[0,0,0],[0.125,0.9375,0.125]],
			"center": [0.5,0.5,0.5]
		}
	},
	"chest":{"default":{
		"size": [[0.875,0.9375,0.875]],
		"offsets": [[0.0625,0,0.0625]],
		"center": [0.5,0.5,0.5]}
	},
	"chorus_flower":{"default":{"size":[[1,1,1]],"center":[0.5,0.5,0.5]}},
	"chorus_plant":{"default":{"size":[[0.5,1,0.5]],"offsets":[[0.125,0,0.125]],"center":[0.5,0.5,0.5]}},
	"cocoa":{"default":{"size":[[0.4375,0.5625,0.4375]],"offsets":[[0.28125,0.1875,0.0625]],"center":[0.5,0.5,0.5]}},
	"comparator":{
		"default":{
			"size":[[1,0.125,1],[0.15,0.3125,0.15],[0.15,0.3125,0.15],[0.15,0.15,0.15]],
			"offsets":[[0,0,0],[0.25,0.0625,0.1875],[0.625,0.0625,0.1875],[0.4375,0.0625,0.75]],
			"center":[0.5,0.5,0.5]}},
	"conduit":{"default":{"size":[[0.375,0.375,0.375]],"offsets":[[0.3125,0,0.3125]],"center":[0.5,0.5,0.5]}},
	"coral_fan":{"default":{
		"size": [[1,0.01,0.75],[1,0.01,0.75],[1,0.01,0.75],[1,0.01,0.75]],
		"offsets": [[0,0.125,0],[0,0.125,0],[0,0.125,0],[0,0.125,0]],
		"rot": [[-14,0,0],[-14,90,0],[-14,180,0],[-14,-90,0]],
		"center":[0.5,0.125,0.5]}
	},
	"coral_fan_hang":{"default":{
		"size": [[1,0.01,0.75]],
		"offsets": [[0,0.625,0]],
		"center":[0.5,0.5,0.5]}
	},
	"cross_texture":{
		"default": {
			"size":[[1,1,0.01],[1,1,0.01]],
			"offsets":[[0,0,0.5],[0,0,0.5]],
			"rot": [[0,45,0],[0,135,0]],
			"center":[0.5,0.5,0.5]
		}
	},
	"double_plant":{"default":{
		"size": [[1,2,0.01],[1,2,0.01]],
		"offsets": [[0,0,0.5],[0,0,0.5]],
		"rot": [[0,45,0],[0,135,0]],
		"center": [0.5,0.5,0.5]
	}},
	"dragon_egg": {"default": {
		"size":[
			[0.75,0.1875,0.75],
			[0.875,0.375,0.875],
			[0.75,0.25,0.75],
			[0.625,0.1875,0.625],
			[0.375,0.1875,0.375]
		],
		"offsets":[
			[0.125,0.03125,0.125],
			[0.0625,0.15625,0.0625],
			[0.125,0.46875,0.125],
			[0.1875,0.65625,0.1875],
			[0.3125,0.78125,0.3125]
		],
		"center":[0.5,0.5,0.5]
	}},
	"enchanting_table":{"default":{"size":[[1,0.75,1]],"center":[0.5,0.5,0.5]}},
	"end_rod":{"default":{"size":[[0.15,0.9375,0.15],[0.25,0.15,0.25]],"offsets":[[0.425,0.03125,0.425],[0.375,0,0.375]],"center":[0.5,0.5,0.5]}},
	"dispenser":{"default":{"size":[[1,1,1]],"center":[0.5,0.5,0.5]}},
	"facing_block":{"default":{"size":[[1,1,1]],"center":[0.5,0.5,0.5]}},
	"observer":{"default":{"size":[[1,1,1]],"center":[0.5,0.5,0.5]}},
	"farmland":{"default":{"size":[[1,0.9375,1]],"center":[0.5,0.5,0.5]}},
	"fence":{"default":{"size":[[0.25,1,0.25]],"offsets":[[0.375,0,0.375]],"center":[0.5,0.5,0.5]}},

	"fire":{"default":{"size":[[1,1,1]],"center":[0.5,0.5,0.5]}},
	"flower_pot":{"default":{
		"size": [[0.375,0.375,0.375]],
		"offsets": [[0.3125,0,0.3125]],
		"center": [0.5,0.5,0.5]}
	},
	"frame":{"default":{"size":[[0.75,0.0625,0.75]],"offsets":[[0.125,0,0.125]],"center":[0.5,0.5,0.5]}},
	"grindstone": {
		"standing": {
			"size": [[0.5,0.75,0.75],[0.125,0.8125,0.25],[0.125,0.8125,0.25]],
			"offsets": [[0.25,0.25,0.125],[0.125,0,0.375],[0.75,0,0.375]],
			"center": [0.5,0.5,0.5]
		},
		"side": {
			"size": [[0.5,0.75,0.75],[0.125,0.8125,0.25],[0.125,0.8125,0.25]],
			"offsets": [[0.25,0.25,0.125],[0.125,0,0.375],[0.75,0,0.375]],
			"rot": [[-90,0,0],[-90,0,0],[-90,0,0]],
			"center": [0.5,0.5,0.5]
		},
		"hanging": {
			"size": [[0.5,0.75,0.75],[0.125,0.8125,0.25],[0.125,0.8125,0.25]],
			"offsets": [[0.25,0.25,0.125],[0.125,0,0.375],[0.75,0,0.375]],
			"rot": [[180,0,0],[180,0,0],[180,0,0]],
			"center": [0.5,0.5,0.5]
		}
	},
	"hopper": {
		"default": {
			"size":[[1,0.4375,1],[0.5,0.375,0.5],[0.25,0.25,0.25]],
			"offsets":[[0,0.5625,0],[0.25,0.25,0.25],[0.375,0.0625,0.375]],
			"center":[0.5,0.5,0.5]
		},
		"side": {
			"size":[[1,0.4375,1],[0.5,0.375,0.5],[0.25,0.25,0.25]],
			"offsets":[[0,0.5625,0],[0.25,0.25,0.25],[0.0625,0.3125,0.375]],
			"center":[0.5,0.5,0.5]
		}
	},
	"ladder":{"default":{"size":[[1,1,0.0625]],"offset":[[0,0,0.5625]],"center":[0.5,0.5,0.5]}},
	"lantern":{
		"0":{
			"size": [[0.375,0.4375,0.375],[0.25,0.125,0.25]],
			"offsets": [[0.3125,0,0.3125],[0.375,0.4375,0.375]],
			"center": [0.5,0.5,0.5]
		},
		"1":{
			"size": [
				[0.375,0.4375,0.375],
				[0.25,0.125,0.25],
				[0.1875,0.375,0.01],
				[0.01,0.25,0.1875]
			],
			"offsets": [
				[0.3125,0.125,0.3125],
				[0.375,0.5625,0.375],
				[0.40625,0.625,0.5],
				[0.5,0.6875,0.40625]
			],
			"rot": [[0,0,0],[0,0,0],[0,45,0],[0,45,0]],